Inflow,Outflow,Bank_Loan,Balance
3007.4790000000003,2161.3140000000003,0,846.1650000000002
